FEATURENAME,Count,Miss_%,card,Min,1st_Quart,Mean,Median,3rd_Quart,Max,Std_Dev
age,30939.0,0.0,72,17.0,28.0,38.56074856976631,37.0,48.0,90.0,13.639623269659442
fnlwgt,30939.0,0.0,20879,12285.0,117854.5,189790.0301884353,178385.0,237319.0,1484705.0,105406.16523627381
education-num,30939.0,0.0,16,1.0,9.0,10.081159701347813,10.0,12.0,16.0,2.5699547967951664
capital-gain,30939.0,0.0,119,0.0,0.0,1081.7776915866705,0.0,0.0,99999.0,7443.890751858088
capital-loss,30939.0,0.0,91,0.0,0.0,86.57277222922525,0.0,0.0,4356.0,401.71221373050946
hours-per-week,30939.0,0.0,93,1.0,40.0,40.40893370826465,40.0,45.0,99.0,12.337144136123442
